Workbook

Sheet Справочники
A1: СПРАВОЧНИКИ
A3: Номенклатура | G3: Торговые точки
A4: Код | B4: Наименование | C4: Категория | D4: Цена закупки | E4: Цена продажи | G4: Точка | H4: Регион | I4: Формат
A5: T-001 | B5: Крупа гречневая, 900 г | C5: Бакалея | D5: 78 | E5: 112 | G5: Точка №1 «Центр» | H5: Северо-Запад | I5: Супермаркет
A6: T-002 | B6: Мука пшеничная, 2 кг | C6: Бакалея | D6: 96 | E6: 139 | G6: Точка №2 «Приморская» | H6: Северо-Запад | I6: Магазин у дома
A7: T-003 | B7: Сахар-песок, 1 кг | C7: Бакалея | D7: 64 | E7: 89 | G7: Точка №3 «Заводская» | H7: Урал | I7: Магазин у дома
A8: T-004 | B8: Молоко 3,2 %, 1 л | C8: Молочная | D8: 71 | E8: 98 | G8: Точка №4 «Южная» | H8: Юг | I8: Супермаркет
A9: T-005 | B9: Творог 5 %, 200 г | C9: Молочная | D9: 88 | E9: 129 | G9: Точка №5 «Вокзальная» | H9: Урал | I9: Киоск
A10: T-006 | B10: Сметана 20 %, 300 г | C10: Молочная | D10: 94 | E10: 138 | G10: Точка №6 «Парковая» | H10: Юг | I10: Магазин у дома
A11: T-007 | B11: Сыр полутвердый, 250 г | C11: Молочная | D11: 210 | E11: 299 | G11: Точка №7 «Северная» | H11: Северо-Запад | I11: Супермаркет
A12: T-008 | B12: Кофе молотый, 250 г | C12: Напитки | D12: 265 | E12: 379 | G12: Точка №8 «Луговая» | H12: Урал | I12: Киоск
A13: T-009 | B13: Чай черный, 100 пак. | C13: Напитки | D13: 148 | E13: 215
A14: T-010 | B14: Сок яблочный, 1 л | C14: Напитки | D14: 84 | E14: 119
A15: T-011 | B15: Салфетки бумажные | C15: Непродовольственные | D15: 42 | E15: 69
A16: T-012 | B16: Пакеты фасовочные | C16: Непродовольственные | D16: 31 | E16: 52
A20: Шкала оптовой скидки (нижние границы объема)
A21: Объем закупки от, руб. | B21: Ставка скидки
A22: 0 | B22: 0
A23: 500000 | B23: 0.02
A24: 1500000 | B24: 0.04
A25: 3000000 | B25: 0.07
A26: 6000000 | B26: 0.1
A28: Шкала отсортирована по возрастанию для удобства проверки. Для режима сопоставления −1 сортировка не обязательна; она требуется только при двоичном режиме поиска.

Sheet Продажи
A1: РЕЕСТР ПРОДАЖ ЗА I КВАРТАЛ 2026 ГОДА
A3: Дата | B3: Месяц | C3: Точка | D3: Код товара | E3: Количество | F3: Цена продажи | G3: Сумма
A4: 16.01.2026 | B4: Январь | C4: Точка №1 «Центр» | D4: T-011 | E4: 83 | F4: =INDEX(Справочники!$E$5:$E$16,MATCH(D4,Справочники!$A$5:$A$16,0)) -> 69 | G4: =E4*F4 -> 5727
A5: 23.01.2026 | B5: Январь | C5: Точка №1 «Центр» | D5: T-012 | E5: 821 | F5: =INDEX(Справочники!$E$5:$E$16,MATCH(D5,Справочники!$A$5:$A$16,0)) -> 52 | G5: =E5*F5 -> 42692
A6: 09.01.2026 | B6: Январь | C6: Точка №1 «Центр» | D6: T-007 | E6: 808 | F6: =INDEX(Справочники!$E$5:$E$16,MATCH(D6,Справочники!$A$5:$A$16,0)) -> 299 | G6: =E6*F6 -> 241592
A7: 22.01.2026 | B7: Январь | C7: Точка №1 «Центр» | D7: T-004 | E7: 261 | F7: =INDEX(Справочники!$E$5:$E$16,MATCH(D7,Справочники!$A$5:$A$16,0)) -> 98 | G7: =E7*F7 -> 25578
A8: 18.01.2026 | B8: Январь | C8: Точка №1 «Центр» | D8: T-008 | E8: 751 | F8: =INDEX(Справочники!$E$5:$E$16,MATCH(D8,Справочники!$A$5:$A$16,0)) -> 379 | G8: =E8*F8 -> 284629
A9: 01.01.2026 | B9: Январь | C9: Точка №2 «Приморская» | D9: T-003 | E9: 747 | F9: =INDEX(Справочники!$E$5:$E$16,MATCH(D9,Справочники!$A$5:$A$16,0)) -> 89 | G9: =E9*F9 -> 66483
A10: 27.01.2026 | B10: Январь | C10: Точка №2 «Приморская» | D10: T-002 | E10: 131 | F10: =INDEX(Справочники!$E$5:$E$16,MATCH(D10,Справочники!$A$5:$A$16,0)) -> 139 | G10: =E10*F10 -> 18209
A11: 19.01.2026 | B11: Январь | C11: Точка №2 «Приморская» | D11: T-008 | E11: 84 | F11: =INDEX(Справочники!$E$5:$E$16,MATCH(D11,Справочники!$A$5:$A$16,0)) -> 379 | G11: =E11*F11 -> 31836
A12: 20.01.2026 | B12: Январь | C12: Точка №2 «Приморская» | D12: T-007 | E12: 911 | F12: =INDEX(Справочники!$E$5:$E$16,MATCH(D12,Справочники!$A$5:$A$16,0)) -> 299 | G12: =E12*F12 -> 272389
A13: 27.01.2026 | B13: Январь | C13: Точка №2 «Приморская» | D13: T-010 | E13: 928 | F13: =INDEX(Справочники!$E$5:$E$16,MATCH(D13,Справочники!$A$5:$A$16,0)) -> 119 | G13: =E13*F13 -> 110432
A14: 04.01.2026 | B14: Январь | C14: Точка №3 «Заводская» | D14: T-008 | E14: 378 | F14: =INDEX(Справочники!$E$5:$E$16,MATCH(D14,Справочники!$A$5:$A$16,0)) -> 379 | G14: =E14*F14 -> 143262
A15: 11.01.2026 | B15: Январь | C15: Точка №3 «Заводская» | D15: T-004 | E15: 237 | F15: =INDEX(Справочники!$E$5:$E$16,MATCH(D15,Справочники!$A$5:$A$16,0)) -> 98 | G15: =E15*F15 -> 23226
... A123: 23.03.2026 | B123: Март | C123: Точка №8 «Луговая» | D123: T-005 | E123: 704 | F123: =INDEX(Справочники!$E$5:$E$16,MATCH(D123,Справочники!$A$5:$A$16,0)) -> 129 | G123: =E123*F123 -> 90816
D125: ИТОГО | G125: =SUM(G4:G123) -> 10164003

Sheet Матрица
A1: ВЫРУЧКА ПО ТОЧКАМ И МЕСЯЦАМ
A2: Значения рассчитаны из реестра продаж. Лист используется для двустороннего поиска.
A4: Точка | B4: Январь | C4: Февраль | D4: Март | E4: Итого
A5: Точка №1 «Центр» | B5: =SUMIFS(Продажи!$G$4:$G$123,Продажи!$C$4:$C$123,$A5,Продажи!$B$4:$B$123,B$4) -> 600218 | C5: =SUMIFS(Продажи!$G$4:$G$123,Продажи!$C$4:$C$123,$A5,Продажи!$B$4:$B$123,C$4) -> 368902 | D5: =SUMIFS(Продажи!$G$4:$G$123,Продажи!$C$4:$C$123,$A5,Продажи!$B$4:$B$123,D$4) -> 590306 | E5: =SUM(B5:D5) -> 1559426
A6: Точка №2 «Приморская» | B6: =SUMIFS(Продажи!$G$4:$G$123,Продажи!$C$4:$C$123,$A6,Продажи!$B$4:$B$123,B$4) -> 499349 | C6: =SUMIFS(Продажи!$G$4:$G$123,Продажи!$C$4:$C$123,$A6,Продажи!$B$4:$B$123,C$4) -> 576307 | D6: =SUMIFS(Продажи!$G$4:$G$123,Продажи!$C$4:$C$123,$A6,Продажи!$B$4:$B$123,D$4) -> 274326 | E6: =SUM(B6:D6) -> 1349982
A7: Точка №3 «Заводская» | B7: =SUMIFS(Продажи!$G$4:$G$123,Продажи!$C$4:$C$123,$A7,Продажи!$B$4:$B$123,B$4) -> 467389 | C7: =SUMIFS(Продажи!$G$4:$G$123,Продажи!$C$4:$C$123,$A7,Продажи!$B$4:$B$123,C$4) -> 348699 | D7: =SUMIFS(Продажи!$G$4:$G$123,Продажи!$C$4:$C$123,$A7,Продажи!$B$4:$B$123,D$4) -> 358809 | E7: =SUM(B7:D7) -> 1174897
A8: Точка №4 «Южная» | B8: =SUMIFS(Продажи!$G$4:$G$123,Продажи!$C$4:$C$123,$A8,Продажи!$B$4:$B$123,B$4) -> 329681 | C8: =SUMIFS(Продажи!$G$4:$G$123,Продажи!$C$4:$C$123,$A8,Продажи!$B$4:$B$123,C$4) -> 509851 | D8: =SUMIFS(Продажи!$G$4:$G$123,Продажи!$C$4:$C$123,$A8,Продажи!$B$4:$B$123,D$4) -> 523179 | E8: =SUM(B8:D8) -> 1362711
A9: Точка №5 «Вокзальная» | B9: =SUMIFS(Продажи!$G$4:$G$123,Продажи!$C$4:$C$123,$A9,Продажи!$B$4:$B$123,B$4) -> 536366 | C9: =SUMIFS(Продажи!$G$4:$G$123,Продажи!$C$4:$C$123,$A9,Продажи!$B$4:$B$123,C$4) -> 319917 | D9: =SUMIFS(Продажи!$G$4:$G$123,Продажи!$C$4:$C$123,$A9,Продажи!$B$4:$B$123,D$4) -> 456306 | E9: =SUM(B9:D9) -> 1312589
A10: Точка №6 «Парковая» | B10: =SUMIFS(Продажи!$G$4:$G$123,Продажи!$C$4:$C$123,$A10,Продажи!$B$4:$B$123,B$4) -> 228501 | C10: =SUMIFS(Продажи!$G$4:$G$123,Продажи!$C$4:$C$123,$A10,Продажи!$B$4:$B$123,C$4) -> 380383 | D10: =SUMIFS(Продажи!$G$4:$G$123,Продажи!$C$4:$C$123,$A10,Продажи!$B$4:$B$123,D$4) -> 492596 | E10: =SUM(B10:D10) -> 1101480
A11: Точка №7 «Северная» | B11: =SUMIFS(Продажи!$G$4:$G$123,Продажи!$C$4:$C$123,$A11,Продажи!$B$4:$B$123,B$4) -> 244116 | C11: =SUMIFS(Продажи!$G$4:$G$123,Продажи!$C$4:$C$123,$A11,Продажи!$B$4:$B$123,C$4) -> 488124 | D11: =SUMIFS(Продажи!$G$4:$G$123,Продажи!$C$4:$C$123,$A11,Продажи!$B$4:$B$123,D$4) -> 297292 | E11: =SUM(B11:D11) -> 1029532
A12: Точка №8 «Луговая» | B12: =SUMIFS(Продажи!$G$4:$G$123,Продажи!$C$4:$C$123,$A12,Продажи!$B$4:$B$123,B$4) -> 399155 | C12: =SUMIFS(Продажи!$G$4:$G$123,Продажи!$C$4:$C$123,$A12,Продажи!$B$4:$B$123,C$4) -> 325119 | D12: =SUMIFS(Продажи!$G$4:$G$123,Продажи!$C$4:$C$123,$A12,Продажи!$B$4:$B$123,D$4) -> 549112 | E12: =SUM(B12:D12) -> 1273386
A13: ИТОГО | B13: =SUM(B5:B12) -> 3304775 | C13: =SUM(C5:C12) -> 3317302 | D13: =SUM(D5:D12) -> 3541926 | E13: =SUM(E5:E12) -> 10164003

Sheet Задания
A1: ЗАДАНИЯ ЗАНЯТИЯ 1.2
A2: Формулу надлежит ввести в желтую ячейку. Зеленая ячейка содержит контрольное значение, рассчитанное иным способом. Столбец «Проверка» показывает «ОК» при совпадении результатов.
A4: № | B4: Задание | C4: Ваша формула | D4: Контроль | E4: Проверка | G4: Параметры заданий
A5: 1 | B5: Найти наименование товара по коду (ячейка H5). Использовать ПРОСМОТРX. | D5: =INDEX(Справочники!$B$5:$B$16,MATCH($H$5,Справочники!$A$5:$A$16,0)) -> Сыр полутвердый, 250 г | E5: =IF(EXACT(C5,D5),"ОК","—") -> — | G5: Искомый код товара | H5: T-007
A6: 2 | B6: Найти наименование по несуществующему коду (H6) с выводом «не найден» вместо ошибки. Использовать четвертый аргумент ПРОСМОТРX. | D6: =IFERROR(INDEX(Справочники!$B$5:$B$16,MATCH($H$6,Справочники!$A$5:$A$16,0)),"не найден") -> не найден | E6: =IF(EXACT(C6,D6),"ОК","—") -> — | G6: Несуществующий код | H6: T-999
A7: 3 | B7: Найти выручку на пересечении точки (H7) и месяца (H8) на листе «Матрица». Использовать двойной ПРОСМОТРX либо ПРОСМОТРX с вложенным аргументом. | D7: =INDEX(Матрица!$B$5:$D$12,MATCH($H$7,Матрица!$A$5:$A$12,0),MATCH($H$8,Матрица!$B$4:$D$4,0)) -> 509851 | E7: =IF(N(C7)=0,"—",IF(ROUND(N(C7)-D7,2)=0,"ОК","РАСХОЖДЕНИЕ")) -> — | G7: Точка для поиска | H7: Точка №4 «Южная»
A8: 4 | B8: Определить ставку скидки для объема закупки (H9) по шкале листа «Справочники». Приближенный поиск: режим совпадения −1. | D8: =INDEX(Справочники!$B$22:$B$26,MATCH($H$9,Справочники!$A$22:$A$26,1)) -> 0.04 | E8: =IF(N(C8)=0,"—",IF(ROUND(N(C8)-D8,2)=0,"ОК","РАСХОЖДЕНИЕ")) -> — | G8: Месяц для поиска | H8: Февраль
A9: 5 | B9: Найти категорию товара с наибольшей ценой продажи. Поиск с конца по отсортированным данным либо ПРОСМОТРX по максимуму. | D9: =INDEX(Справочники!$C$5:$C$16,MATCH(MAX(Справочники!$E$5:$E$16),Справочники!$E$5:$E$16,0)) -> Напитки | E9: =IF(EXACT(C9,D9),"ОК","—") -> — | G9: Объем закупки, руб. | H9: 2450000
A10: 6 | B10: Рассчитать сумму продаж по точке (H7) и категории (H10) одной формулой СУММПРОИЗВ. Категория товара определяется через справочник. | D10: =SUMPRODUCT((Продажи!$C$4:$C$123=$H$7)*(INDEX(Справочники!$C$5:$C$16,MATCH(Продажи!$D$4:$D$123,Справочники!$A$5:$A$16,0))=$H$10)*Продажи!$G$4:$G$123) -> 0 | E10: =IF(N(C10)=0,"—",IF(ROUND(N(C10)-D10,2)=0,"ОК","РАСХОЖДЕНИЕ")) -> — | G10: Категория для отбора | H10: Молочная
A11: 7 | B11: Рассчитать средневзвешенную цену продажи по всему реестру: сумма выручки, деленная на суммарное количество. Числитель получить через СУММПРОИЗВ. | D11: =SUMPRODUCT(Продажи!$E$4:$E$123,Продажи!$F$4:$F$123)/SUM(Продажи!$E$4:$E$123) -> 165.44051 | E11: =IF(N(C11)=0,"—",IF(ROUND(N(C11)-D11,2)=0,"ОК","РАСХОЖДЕНИЕ")) -> — | G11: Синие значения на желтом фоне допускается изменять.
A12: 8 | B12: Подсчитать количество строк реестра, где количество превышает 500 единиц и месяц равен «Март». Использовать СУММПРОИЗВ без функции ЕСЛИ. | D12: =SUMPRODUCT((Продажи!$E$4:$E$123>500)*(Продажи!$B$4:$B$123="Март")) -> 23 | E12: =IF(N(C12)=0,"—",IF(ROUND(N(C12)-D12,2)=0,"ОК","РАСХОЖДЕНИЕ")) -> —
A13: 9 | B13: Вывести список уникальных категорий номенклатуры. Использовать УНИК. Контроль показывает их количество. | D13: =SUMPRODUCT(1/COUNTIF(Справочники!$C$5:$C$16,Справочники!$C$5:$C$16)) -> 4 | E13: =IF(N(C13)=0,"—",IF(ROUND(N(C13)-D13,2)=0,"ОК","РАСХОЖДЕНИЕ")) -> —
A14: 10 | B14: Отобрать строки реестра по точке (H7) с суммой свыше 100 000 руб. Использовать ФИЛЬТР. Контроль показывает число отобранных строк. | D14: =SUMPRODUCT((Продажи!$C$4:$C$123=$H$7)*(Продажи!$G$4:$G$123>100000)) -> 3 | E14: =IF(N(C14)=0,"—",IF(ROUND(N(C14)-D14,2)=0,"ОК","РАСХОЖДЕНИЕ")) -> —
A15: 11 | B15: Записать формулу задания 7 с использованием LET: объявить переменные «выручка» и «количество», вернуть их отношение. | D15: =SUMPRODUCT(Продажи!$E$4:$E$123,Продажи!$F$4:$F$123)/SUM(Продажи!$E$4:$E$123) -> 165.44051 | E15: =IF(N(C15)=0,"—",IF(ROUND(N(C15)-D15,2)=0,"ОК","РАСХОЖДЕНИЕ")) -> —
A16: 12 | B16: Домашнее задание. С помощью LET рассчитать маржинальность по товару (H5): объявить цену закупки, цену продажи и вернуть долю наценки в цене продажи. | D16: =(INDEX(Справочники!$E$5:$E$16,MATCH($H$5,Справочники!$A$5:$A$16,0))-INDEX(Справочники!$D$5:$D$16,MATCH($H$5,Справочники!$A$5:$A$16,0)))/INDEX(Справочники!$E$5:$E$16,MATCH($H$5,Справочники!$A$5:$A$16,0)) -> 0.29765886 | E16: =IF(N(C16)=0,"—",IF(ROUND(N(C16)-D16,2)=0,"ОК","РАСХОЖДЕНИЕ")) -> —
B19: Задания 1–8 выполняются в аудитории. Задания 9–12 — самостоятельно.

Sheet Пересчет
A1: МОДЕЛЬ ВЫЧИСЛЕНИЙ И ВОЛАТИЛЬНЫЕ ФУНКЦИИ
A2: Демонстрационный лист. Волатильные функции пересчитываются при любом изменении в книге, независимо от того, изменились ли их аргументы.
A4: Опыт 1. Наблюдение за пересчетом
A5: Невлотильная формула (зависит только от B6) | B5: =B6*2 -> 200
A6: Исходное значение | B6: 100
A7: Волатильная формула (СЛЧИС) | B7: =RAND() -> 0.77741266
A8: Порядок опыта: изменить значение в B6 и наблюдать за B7.
A9: Значение B7 изменится, хотя эта формула от B6 не зависит.
A12: Опыт 2. Динамический диапазон двумя способами
A13: Сумма через СМЕЩ (волатильно) | B13: =SUM(OFFSET(Продажи!$G$4,0,0,120,1)) -> 10164003
A14: Сумма через прямую ссылку (не волатильно) | B14: =SUM(Продажи!$G$4:$G$123) -> 10164003
A15: Расхождение | B15: =B13-B14 -> 0
A16: Результат одинаков. Различие состоит в цене: первая формула пересчитывается всегда, вторая — только при изменении реестра.
A19: Опыт 3. Косвенная ссылка
A20: Адрес ячейки (текстом) | B20: Матрица!E13
A21: Значение через ДВССЫЛ (волатильно) | B21: =INDIRECT(B20) -> 10164003
A22: ДВССЫЛ не отслеживается трассировкой зависимостей: связь существует, но графом влияющих ячеек не обнаруживается.
A25: Перечень волатильных функций
A26: — СЛЧИС и СЛУЧМЕЖДУ
A27: — СЕГОДНЯ и ТДАТА
A28: — СМЕЩ
A29: — ДВССЫЛ
A30: — ЯЧЕЙКА (в ряде режимов)
A31: — ИНФОРМ
A33: Правило курса: волатильная функция применяется тогда, когда задача не решается иначе. Динамические диапазоны строятся структурированными таблицами, а не функцией СМЕЩ.
